seed,method,failure,ROC-AUC,detection rate,delay,false alarms @90% caught,clean recordings with alarm,alarm steps per clean recording,size
0,Rule: stays still,jerk,0.604225763738951,0.030303030303030304,2.5,0.7390106285264401,0.13636363636363635,1.0909090909090908,0.5
0,Rule: stays still,drift,0.45514398829722996,0.06060606060606061,10.25,0.8889980353634578,0.13636363636363635,1.0909090909090908,0.5
0,Rule: stays still,noise,0.7576538927363766,0.015151515151515152,0.0,0.4116818669527897,0.13636363636363635,1.0909090909090908,0.5
0,Rule: keeps its speed,jerk,0.9296688178199791,0.5151515151515151,3.911764705882353,0.15686917727332372,0.06060606060606061,0.9393939393939394,0.5
0,Rule: keeps its speed,drift,0.44320446253157453,0.9848484848484849,19.953846153846154,0.9162924501824306,0.06060606060606061,0.9393939393939394,0.5
0,Rule: keeps its speed,noise,0.9810507502601119,1.0,0.9848484848484849,0.04171137339055794,0.06060606060606061,0.9393939393939394,0.5
0,Isolation Forest,jerk,0.5913862838085552,0.030303030303030304,2.5,0.7814491999479641,0.13636363636363635,0.6060606060606061,0.5
0,Isolation Forest,drift,0.45821246039370345,0.015151515151515152,22.0,0.8513626251390434,0.13636363636363635,0.6060606060606061,0.5
0,Isolation Forest,noise,0.762506848597649,0.06060606060606061,7.75,0.4785961180537091,0.13636363636363635,0.6060606060606061,0.5
0,LSTM autoencoder,jerk,0.8716142168399226,0.030303030303030304,3.0,0.2569923247040458,0.09090909090909091,0.9848484848484849,0.5
0,LSTM autoencoder,drift,0.7026366101223582,0.045454545454545456,12.666666666666666,0.6062986651835373,0.09090909090909091,0.9848484848484849,0.5
0,LSTM autoencoder,noise,0.9330614037208028,0.6515151515151515,8.55813953488372,0.13540281839936189,0.09090909090909091,0.9848484848484849,0.5
0,GRU forecaster,jerk,0.919896975263725,0.015151515151515152,0.0,0.150177142107335,0.06060606060606061,1.0454545454545454,0.5
0,GRU forecaster,drift,0.6572516669643389,0.25757575757575757,20.11764705882353,0.6189306763962953,0.06060606060606061,1.0454545454545454,0.5
0,GRU forecaster,noise,0.9774484043763818,1.0,2.6515151515151514,0.048082081545064374,0.06060606060606061,1.0454545454545454,0.5
0,Transformer forecaster,jerk,0.9478243927266365,0.030303030303030304,3.5,0.09106416480776801,0.07575757575757576,0.8787878787878788,0.5
0,Transformer forecaster,drift,0.6642836412114408,0.7121212121212122,20.5531914893617,0.610931799045748,0.07575757575757576,0.8787878787878788,0.5
0,Transformer forecaster,noise,0.9791028579789309,1.0,1.6515151515151516,0.047813841201716736,0.07575757575757576,0.8787878787878788,0.5
0,Uncertainty-aware GRU,jerk,0.967296704083215,0.7272727272727273,0.8541666666666666,0.07564624065083322,0.07575757575757576,1.196969696969697,0.5
0,Uncertainty-aware GRU,drift,0.8132118086563077,0.9242424242424242,14.327868852459016,0.5261015997754701,0.07575757575757576,1.196969696969697,0.5
0,Uncertainty-aware GRU,noise,0.9823184907010014,1.0,0.6212121212121212,0.03648068669527897,0.07575757575757576,1.196969696969697,0.5
1,Rule: stays still,jerk,0.5391436897556602,0.0,,0.7446536650975117,0.030303030303030304,0.10606060606060606,0.5
1,Rule: stays still,drift,0.48133825648414985,0.0,,0.8454610951008645,0.030303030303030304,0.10606060606060606,0.5
1,Rule: stays still,noise,0.7518119294735526,0.0,,0.3887895460797799,0.030303030303030304,0.10606060606060606,0.5
1,Rule: keeps its speed,jerk,0.9375311283650221,0.5151515151515151,3.6176470588235294,0.14754539340954942,0.030303030303030304,0.16666666666666666,0.5
1,Rule: keeps its speed,drift,0.45638022880097806,1.0,20.151515151515152,0.8821325648414986,0.030303030303030304,0.16666666666666666,0.5
1,Rule: keeps its speed,noise,0.9811665833020716,1.0,0.9848484848484849,0.037207702888583216,0.030303030303030304,0.16666666666666666,0.5
1,Isolation Forest,jerk,0.5200674253533872,0.0,,0.7840287961605119,0.030303030303030304,0.12121212121212122,0.5
1,Isolation Forest,drift,0.47420944385332053,0.0,,0.8582643448472738,0.030303030303030304,0.12121212121212122,0.5
1,Isolation Forest,noise,0.7427565595981627,0.0,,0.48909487459105777,0.030303030303030304,0.12121212121212122,0.5
1,LSTM autoencoder,jerk,0.8736758331212404,0.0,,0.25876549793360887,0.06060606060606061,0.18181818181818182,0.5
1,LSTM autoencoder,drift,0.6858057271256672,0.0,,0.6592206679988581,0.06060606060606061,0.18181818181818182,0.5
1,LSTM autoencoder,noise,0.9374637528502032,0.4696969696969697,8.96774193548387,0.12724918211559433,0.06060606060606061,0.18181818181818182,0.5
1,GRU forecaster,jerk,0.9331266939740376,0.030303030303030304,3.0,0.1172158708809684,0.030303030303030304,0.8484848484848485,0.5
1,GRU forecaster,drift,0.6596930399091783,0.696969696969697,21.32608695652174,0.6146974063400577,0.030303030303030304,0.8484848484848485,0.5
1,GRU forecaster,noise,0.979120607727898,1.0,1.8636363636363635,0.05392022008253095,0.030303030303030304,0.8484848484848485,0.5
1,Transformer forecaster,jerk,0.9565460251472356,0.2727272727272727,4.666666666666667,0.07646267652992603,0.030303030303030304,0.5454545454545454,0.5
1,Transformer forecaster,drift,0.6551281001659244,0.9848484848484849,20.2,0.6773775216138328,0.030303030303030304,0.5454545454545454,0.5
1,Transformer forecaster,noise,0.9817508649076737,1.0,1.2121212121212122,0.05,0.030303030303030304,0.5454545454545454,0.5
1,Uncertainty-aware GRU,jerk,0.9689233967108883,0.9545454545454546,0.5396825396825397,0.06462676529926026,0.18181818181818182,2.378787878787879,0.5
1,Uncertainty-aware GRU,drift,0.8028256265828312,0.9545454545454546,13.904761904761905,0.45670028818443803,0.18181818181818182,2.378787878787879,0.5
1,Uncertainty-aware GRU,noise,0.9854156767121004,1.0,0.19696969696969696,0.03328748280605227,0.18181818181818182,2.378787878787879,0.5
2,Rule: stays still,jerk,0.5101805638489243,0.0,,0.8286652621142645,0.030303030303030304,0.09090909090909091,0.5
2,Rule: stays still,drift,0.4579689487961207,0.0,,0.8776076049643518,0.030303030303030304,0.09090909090909091,0.5
2,Rule: stays still,noise,0.7468149038461539,0.0,,0.3870824898785425,0.030303030303030304,0.09090909090909091,0.5
2,Rule: keeps its speed,jerk,0.9461125069007087,0.6666666666666666,2.272727272727273,0.1264716817449498,0.07575757575757576,0.3181818181818182,0.5
2,Rule: keeps its speed,drift,0.41486014755423256,1.0,19.818181818181817,0.9026934248745709,0.07575757575757576,0.3181818181818182,0.5
2,Rule: keeps its speed,noise,0.9869453326278984,1.0,0.7727272727272727,0.02966852226720648,0.07575757575757576,0.3181818181818182,0.5
2,Isolation Forest,jerk,0.5156936916801699,0.0,,0.7720344191763983,0.030303030303030304,0.09090909090909091,0.5
2,Isolation Forest,drift,0.47045157068062826,0.0,,0.8569371727748691,0.030303030303030304,0.09090909090909091,0.5
2,Isolation Forest,noise,0.7650879244135204,0.015151515151515152,11.0,0.4885194479297365,0.030303030303030304,0.09090909090909091,0.5
2,LSTM autoencoder,jerk,0.8722296101767522,0.0,,0.2657037492317148,0.045454545454545456,0.25757575757575757,0.5
2,LSTM autoencoder,drift,0.6749892412343329,0.015151515151515152,22.0,0.6837041884816754,0.045454545454545456,0.25757575757575757,0.5
2,LSTM autoencoder,noise,0.9448199688224782,0.8333333333333334,7.9818181818181815,0.1267879548306148,0.045454545454545456,0.25757575757575757,0.5
2,GRU forecaster,jerk,0.9179217506581492,0.045454545454545456,5.333333333333333,0.13130499442310076,0.07575757575757576,1.3333333333333333,0.5
2,GRU forecaster,drift,0.651287548711301,0.8636363636363636,20.614035087719298,0.6192896752046475,0.07575757575757576,1.3333333333333333,0.5
2,GRU forecaster,noise,0.9801484288737579,1.0,1.4393939393939394,0.04706477732793522,0.07575757575757576,1.3333333333333333,0.5
2,Transformer forecaster,jerk,0.9485869977504628,0.2878787878787879,4.631578947368421,0.09734787458173255,0.045454545454545456,0.8484848484848485,0.5
2,Transformer forecaster,drift,0.6362816673468245,1.0,20.12121212121212,0.6480063374702931,0.045454545454545456,0.8484848484848485,0.5
2,Transformer forecaster,noise,0.9833913208502024,1.0,0.9848484848484849,0.04067560728744939,0.045454545454545456,0.8484848484848485,0.5
2,Uncertainty-aware GRU,jerk,0.9635236990051713,0.8181818181818182,0.9814814814814815,0.07727103730325939,0.10606060606060606,1.393939393939394,0.5
2,Uncertainty-aware GRU,drift,0.8216810800105625,1.0,13.984848484848484,0.454053340374967,0.10606060606060606,1.393939393939394,0.5
2,Uncertainty-aware GRU,noise,0.9868613705373573,1.0,0.5,0.030364372469635626,0.10606060606060606,1.393939393939394,0.5
3,Rule: stays still,jerk,0.5357755087102913,0.015151515151515152,7.0,0.7952898550724637,0.07575757575757576,0.4090909090909091,0.5
3,Rule: stays still,drift,0.4824797590549036,0.030303030303030304,8.0,0.879640333975594,0.07575757575757576,0.4090909090909091,0.5
3,Rule: stays still,noise,0.7592268339588117,0.0,,0.36512630930375845,0.07575757575757576,0.4090909090909091,0.5
3,Rule: keeps its speed,jerk,0.9371700702678963,0.6666666666666666,2.590909090909091,0.15446859903381643,0.13636363636363635,0.8484848484848485,0.5
3,Rule: keeps its speed,drift,0.4404695315388957,0.9848484848484849,19.73846153846154,0.8776493256262042,0.13636363636363635,0.8484848484848485,0.5
3,Rule: keeps its speed,noise,0.9849142067626356,1.0,0.7575757575757576,0.03585951940850277,0.13636363636363635,0.8484848484848485,0.5
3,Isolation Forest,jerk,0.5463903956894611,0.0,,0.7952911574406901,0.015151515151515152,0.07575757575757576,0.5
3,Isolation Forest,drift,0.47173811095286067,0.0,,0.8762578015539422,0.015151515151515152,0.07575757575757576,0.5
3,Isolation Forest,noise,0.7547307508528631,0.015151515151515152,11.0,0.5175406429531842,0.015151515151515152,0.07575757575757576,0.5
3,LSTM autoencoder,jerk,0.8751396059807275,0.015151515151515152,7.0,0.25760843517852866,0.13636363636363635,0.5303030303030303,0.5
3,LSTM autoencoder,drift,0.7000185751284338,0.015151515151515152,9.0,0.6397911094128137,0.13636363636363635,0.5303030303030303,0.5
3,LSTM autoencoder,noise,0.9386681260718664,0.5454545454545454,8.722222222222221,0.13360224911380028,0.13636363636363635,0.5303030303030303,0.5
3,GRU forecaster,jerk,0.9388356389986825,0.045454545454545456,6.666666666666667,0.11213768115942029,0.015151515151515152,0.24242424242424243,0.5
3,GRU forecaster,drift,0.6775464179365913,0.7272727272727273,20.958333333333332,0.5874759152215799,0.015151515151515152,0.24242424242424243,0.5
3,GRU forecaster,noise,0.9836658638137381,1.0,1.696969696969697,0.039063462723351816,0.015151515151515152,0.24242424242424243,0.5
3,Transformer forecaster,jerk,0.9568502049480311,0.030303030303030304,6.5,0.08043478260869565,0.015151515151515152,0.15151515151515152,0.5
3,Transformer forecaster,drift,0.659973677040151,0.8939393939393939,21.11864406779661,0.6387925497752087,0.015151515151515152,0.15151515151515152,0.5
3,Transformer forecaster,noise,0.9856175432700387,1.0,1.4848484848484849,0.03678373382624769,0.015151515151515152,0.15151515151515152,0.5
3,Uncertainty-aware GRU,jerk,0.9767559654516176,0.5606060606060606,1.1891891891891893,0.0483695652173913,0.0,0.0,0.5
3,Uncertainty-aware GRU,drift,0.8117771647106907,0.8787878787878788,17.155172413793103,0.4917790622992935,0.0,0.0,0.5
3,Uncertainty-aware GRU,noise,0.9892745383595661,1.0,0.803030303030303,0.02563154651879236,0.0,0.0,0.5
4,Rule: stays still,jerk,0.5656855180164138,0.015151515151515152,0.0,0.7111517367458866,0.09090909090909091,0.42424242424242425,0.5
4,Rule: stays still,drift,0.44623073538681524,0.0,,0.8920843222113639,0.09090909090909091,0.42424242424242425,0.5
4,Rule: stays still,noise,0.7480504025979804,0.015151515151515152,9.0,0.40044041105031364,0.09090909090909091,0.42424242424242425,0.5
4,Rule: keeps its speed,jerk,0.9388795238886647,0.5606060606060606,2.5675675675675675,0.1503003395142335,0.12121212121212122,0.3787878787878788,0.5
4,Rule: keeps its speed,drift,0.42127499693289167,0.9848484848484849,19.49230769230769,0.9140723160686863,0.12121212121212122,0.3787878787878788,0.5
4,Rule: keeps its speed,noise,0.9825534134889533,1.0,0.9242424242424242,0.03543307086614173,0.12121212121212122,0.3787878787878788,0.5
4,Isolation Forest,jerk,0.531498046231345,0.030303030303030304,1.0,0.8140859658208183,0.16666666666666666,1.0,0.5
4,Isolation Forest,drift,0.4501707139174285,0.030303030303030304,2.0,0.8692765251072071,0.16666666666666666,1.0,0.5
4,Isolation Forest,noise,0.73572221754521,0.045454545454545456,8.0,0.5680645588040746,0.16666666666666666,1.0,0.5
4,LSTM autoencoder,jerk,0.8433409051676789,0.0,,0.3061237700673226,0.09090909090909091,1.0303030303030303,0.5
4,LSTM autoencoder,drift,0.6706689596197135,0.015151515151515152,18.0,0.6876469774519297,0.09090909090909091,1.0303030303030303,0.5
4,LSTM autoencoder,noise,0.927963154497749,0.8484848484848485,8.178571428571429,0.1504828681042466,0.09090909090909091,1.0303030303030303,0.5
4,GRU forecaster,jerk,0.9232373354859643,0.09090909090909091,4.333333333333333,0.13463045181509534,0.10606060606060606,1.106060606060606,0.5
4,GRU forecaster,drift,0.6335351279089936,0.9696969696969697,20.0,0.6277397738377775,0.10606060606060606,1.106060606060606,0.5
4,GRU forecaster,noise,0.9826214567940178,1.0,1.2424242424242424,0.046776991859068466,0.10606060606060606,1.106060606060606,0.5
4,Transformer forecaster,jerk,0.9486644982074598,0.3484848484848485,3.652173913043478,0.08984068947505876,0.12121212121212122,1.5151515151515151,0.5
4,Transformer forecaster,drift,0.621321691013161,0.9848484848484849,19.338461538461537,0.6461678067848666,0.12121212121212122,1.5151515151515151,0.5
4,Transformer forecaster,noise,0.9820019897358747,1.0,1.0303030303030303,0.049446149739757105,0.12121212121212122,1.5151515151515151,0.5
4,Uncertainty-aware GRU,jerk,0.9681141527576628,0.8636363636363636,0.7719298245614035,0.06437712196395926,0.06060606060606061,0.3484848484848485,0.5
4,Uncertainty-aware GRU,drift,0.8340688047584599,1.0,12.424242424242424,0.48841267625296664,0.06060606060606061,0.3484848484848485,0.5
4,Uncertainty-aware GRU,noise,0.9886612353347973,1.0,0.22727272727272727,0.02462298144935273,0.06060606060606061,0.3484848484848485,0.5
