seed,method,failure,ROC-AUC,detection rate,delay,false alarms @90% caught,clean recordings with alarm,alarm steps per clean recording
0,Rule: stays still,jerk,0.7344492689657366,0.030303030303030304,2.0,0.48543498228578924,0.13636363636363635,1.0909090909090908
0,Rule: stays still,freeze,0.1049019200370181,0.3787878787878788,15.16,1.0,0.13636363636363635,1.0909090909090908
0,Rule: stays still,drift,0.5322319461808657,0.045454545454545456,10.333333333333334,0.803957339320797,0.13636363636363635,1.0909090909090908
0,Rule: stays still,noise,0.9188410391468331,0.10606060606060606,4.571428571428571,0.19273068669527896,0.13636363636363635,1.0909090909090908
0,Rule: keeps its speed,jerk,0.9791175102289129,1.0,0.24242424242424243,0.03254166119931767,0.06060606060606061,0.9393939393939394
0,Rule: keeps its speed,freeze,0.2596896824506206,0.9696969696969697,13.25,1.0,0.06060606060606061,0.9393939393939394
0,Rule: keeps its speed,drift,0.4742631549851589,1.0,19.696969696969695,0.9202217232669099,0.06060606060606061,0.9393939393939394
0,Rule: keeps its speed,noise,0.9875720387891793,1.0,0.16666666666666666,0.037956008583690984,0.06060606060606061,0.9393939393939394
0,Isolation Forest,jerk,0.6462390261401579,0.030303030303030304,2.5,0.6365292051515545,0.13636363636363635,0.6060606060606061
0,Isolation Forest,freeze,0.14986517341417435,0.0,,1.0,0.13636363636363635,0.6060606060606061
0,Isolation Forest,drift,0.528631560319547,0.0,,0.7611929922135706,0.13636363636363635,0.6060606060606061
0,Isolation Forest,noise,0.8454372225310806,0.803030303030303,8.339622641509434,0.38440574315341663,0.13636363636363635,0.6060606060606061
0,LSTM autoencoder,jerk,0.9384484233515065,0.16666666666666666,4.181818181818182,0.10732405359698191,0.09090909090909091,0.9848484848484849
0,LSTM autoencoder,freeze,0.32235313581650404,0.8333333333333334,15.381818181818181,0.9996601875764578,0.09090909090909091,0.9848484848484849
0,LSTM autoencoder,drift,0.8146343159065629,0.9696969696969697,21.078125,0.4609288097886541,0.09090909090909091,0.9848484848484849
0,LSTM autoencoder,noise,0.9624798570657385,1.0,2.772727272727273,0.07358415315075778,0.09090909090909091,0.9848484848484849
0,GRU forecaster,jerk,0.9689842262011269,0.5303030303030303,3.4285714285714284,0.05235533394567642,0.06060606060606061,1.0454545454545454
0,GRU forecaster,freeze,0.7674481060779237,0.9696969696969697,14.203125,0.554107804142093,0.06060606060606061,1.0454545454545454
0,GRU forecaster,drift,0.805415986273059,1.0,19.560606060606062,0.35321358405837777,0.06060606060606061,1.0454545454545454
0,GRU forecaster,noise,0.9866057639159839,1.0,0.8636363636363636,0.03051233905579399,0.06060606060606061,1.0454545454545454
0,Transformer forecaster,jerk,0.9736267013395999,0.9696969696969697,1.859375,0.04284214669990815,0.07575757575757576,0.8787878787878788
0,Transformer forecaster,freeze,0.7512615525713866,0.9696969696969697,13.765625,0.6058839665340832,0.07575757575757576,0.8787878787878788
0,Transformer forecaster,drift,0.8073868951938696,1.0,19.545454545454547,0.3423379174852652,0.07575757575757576,0.8787878787878788
0,Transformer forecaster,noise,0.9867791040772532,1.0,0.5757575757575758,0.03084763948497854,0.07575757575757576,0.8787878787878788
0,Uncertainty-aware GRU,jerk,0.9784351850747337,0.9848484848484849,0.4461538461538462,0.0447447841490618,0.07575757575757576,1.196969696969697
0,Uncertainty-aware GRU,freeze,0.751802346604157,0.9696969696969697,14.03125,0.5923055822246606,0.07575757575757576,1.196969696969697
0,Uncertainty-aware GRU,drift,0.8762012668078484,1.0,10.954545454545455,0.32977827673309007,0.07575757575757576,1.196969696969697
0,Uncertainty-aware GRU,noise,0.9873949391988555,1.0,0.13636363636363635,0.02615343347639485,0.07575757575757576,1.196969696969697
1,Rule: stays still,jerk,0.686327973752318,0.0,,0.5431741761936786,0.030303030303030304,0.10606060606060606
1,Rule: stays still,freeze,0.1137638880003412,0.30303030303030304,15.6,1.0,0.030303030303030304,0.10606060606060606
1,Rule: stays still,drift,0.5403658523273076,0.015151515151515152,14.0,0.7979106628242075,0.030303030303030304,0.10606060606060606
1,Rule: stays still,noise,0.9230352007002626,0.045454545454545456,7.0,0.21313617606602475,0.030303030303030304,0.10606060606060606
1,Rule: keeps its speed,jerk,0.9826541134274827,0.9848484848484849,0.18461538461538463,0.028648285137861464,0.030303030303030304,0.16666666666666666
1,Rule: keeps its speed,freeze,0.308828112227127,0.9696969696969697,13.34375,1.0,0.030303030303030304,0.16666666666666666
1,Rule: keeps its speed,drift,0.5096429351148372,1.0,20.0,0.8077089337175792,0.030303030303030304,0.16666666666666666
1,Rule: keeps its speed,noise,0.9874624859322246,1.0,0.07575757575757576,0.03672627235213205,0.030303030303030304,0.16666666666666666
1,Isolation Forest,jerk,0.5837264122359443,0.0,,0.6691107852286362,0.030303030303030304,0.12121212121212122
1,Isolation Forest,freeze,0.16514426090496373,0.0,,1.0,0.030303030303030304,0.12121212121212122
1,Isolation Forest,drift,0.524266862170088,0.015151515151515152,16.0,0.7961033399942906,0.030303030303030304,0.12121212121212122
1,Isolation Forest,noise,0.8236450175142923,0.21212121212121213,9.142857142857142,0.4229825517993457,0.030303030303030304,0.12121212121212122
1,LSTM autoencoder,jerk,0.9422818371691856,0.15151515151515152,5.6,0.10758565524596721,0.06060606060606061,0.18181818181818182
1,LSTM autoencoder,freeze,0.3571604343532945,0.803030303030303,15.81132075471698,0.9995119230232883,0.06060606060606061,0.18181818181818182
1,LSTM autoencoder,drift,0.817880993780223,0.9090909090909091,21.6,0.4831572937482158,0.06060606060606061,0.18181818181818182
1,LSTM autoencoder,noise,0.967015093684941,1.0,2.9545454545454546,0.06924754634678298,0.06060606060606061,0.18181818181818182
1,GRU forecaster,jerk,0.9723137902223309,0.8787878787878788,1.4482758620689655,0.04754539340954943,0.030303030303030304,0.8484848484848485
1,GRU forecaster,freeze,0.8221508540720364,0.9696969696969697,13.84375,0.3976073187895848,0.030303030303030304,0.8484848484848485
1,GRU forecaster,drift,0.8178442930748406,1.0,19.696969696969695,0.31520172910662825,0.030303030303030304,0.8484848484848485
1,GRU forecaster,noise,0.9896306948438998,1.0,0.45454545454545453,0.03067400275103164,0.030303030303030304,0.8484848484848485
1,Transformer forecaster,jerk,0.9775506918546596,0.9848484848484849,0.2923076923076923,0.037794216543375926,0.030303030303030304,0.5454545454545454
1,Transformer forecaster,freeze,0.7947602698341615,0.9696969696969697,13.09375,0.47832512315270936,0.030303030303030304,0.5454545454545454
1,Transformer forecaster,drift,0.8233027137367915,1.0,19.636363636363637,0.315850144092219,0.030303030303030304,0.5454545454545454
1,Transformer forecaster,noise,0.9866209203451294,1.0,0.16666666666666666,0.03679504814305364,0.030303030303030304,0.5454545454545454
1,Uncertainty-aware GRU,jerk,0.9804862342320312,1.0,0.015151515151515152,0.04303967720242098,0.18181818181818182,2.378787878787879
1,Uncertainty-aware GRU,freeze,0.7960257039074773,1.0,9.227272727272727,0.4765657987332864,0.18181818181818182,2.378787878787879
1,Uncertainty-aware GRU,drift,0.8764956117369662,1.0,10.030303030303031,0.2787463976945245,0.18181818181818182,2.378787878787879
1,Uncertainty-aware GRU,noise,0.989188549872869,1.0,0.015151515151515152,0.025584594222833563,0.18181818181818182,2.378787878787879
2,Rule: stays still,jerk,0.6632125568486952,0.0,,0.6242409220473417,0.030303030303030304,0.09090909090909091
2,Rule: stays still,freeze,0.11243283069746438,0.2878787878787879,15.368421052631579,1.0,0.030303030303030304,0.09090909090909091
2,Rule: stays still,drift,0.5155097482615967,0.07575757575757576,17.8,0.8479007129654079,0.030303030303030304,0.09090909090909091
2,Rule: stays still,noise,0.9163875598086124,0.07575757575757576,5.4,0.2241902834008097,0.030303030303030304,0.09090909090909091
2,Rule: keeps its speed,jerk,0.9843638391599725,0.9848484848484849,0.09230769230769231,0.024848184409468337,0.07575757575757576,0.3181818181818182
2,Rule: keeps its speed,freeze,0.29916740737260183,0.9696969696969697,11.734375,1.0,0.07575757575757576,0.3181818181818182
2,Rule: keeps its speed,drift,0.43105100383288925,1.0,20.0,0.9034195933456562,0.07575757575757576,0.3181818181818182
2,Rule: keeps its speed,noise,0.9892114464482885,1.0,0.015151515151515152,0.03074392712550607,0.07575757575757576,0.3181818181818182
2,Isolation Forest,jerk,0.5782851874615857,0.0,,0.6741241548862938,0.030303030303030304,0.09090909090909091
2,Isolation Forest,freeze,0.16951028542956795,0.0,,1.0,0.030303030303030304,0.09090909090909091
2,Isolation Forest,drift,0.4936485602094241,0.0,,0.8174083769633508,0.030303030303030304,0.09090909090909091
2,Isolation Forest,noise,0.8269479297365119,0.3787878787878788,9.4,0.44843161856963615,0.030303030303030304,0.09090909090909091
2,LSTM autoencoder,jerk,0.9469613156767428,0.42424242424242425,5.607142857142857,0.10288875230485556,0.045454545454545456,0.25757575757575757
2,LSTM autoencoder,freeze,0.344529600942157,0.8787878787878788,15.672413793103448,0.9970531710442024,0.045454545454545456,0.25757575757575757
2,LSTM autoencoder,drift,0.8167334503411074,0.9848484848484849,21.138461538461538,0.5134816753926702,0.045454545454545456,0.25757575757575757
2,LSTM autoencoder,noise,0.9684942587734306,1.0,2.606060606060606,0.059535759096612295,0.045454545454545456,0.25757575757575757
2,GRU forecaster,jerk,0.9699298099347672,0.9696969696969697,0.953125,0.05267071508241418,0.07575757575757576,1.3333333333333333
2,GRU forecaster,freeze,0.8355099646157922,0.9848484848484849,13.492307692307692,0.30805013567644396,0.07575757575757576,1.3333333333333333
2,GRU forecaster,drift,0.8113271278936713,1.0,19.696969696969695,0.3282941642461051,0.07575757575757576,1.3333333333333333
2,GRU forecaster,noise,0.9894798184271868,1.0,0.3181818181818182,0.029478744939271256,0.07575757575757576,1.3333333333333333
2,Transformer forecaster,jerk,0.977727141285203,0.9696969696969697,0.265625,0.04009170900979055,0.045454545454545456,0.8484848484848485
2,Transformer forecaster,freeze,0.7766966734145956,0.9848484848484849,12.76923076923077,0.5296549941852953,0.045454545454545456,0.8484848484848485
2,Transformer forecaster,drift,0.8060421517792128,1.0,19.5,0.34453393187219433,0.045454545454545456,0.8484848484848485
2,Transformer forecaster,noise,0.9874422041774016,1.0,0.10606060606060606,0.03194585020242915,0.045454545454545456,0.8484848484848485
2,Uncertainty-aware GRU,jerk,0.9794402070024824,0.9848484848484849,0.15384615384615385,0.04455322840500681,0.10606060606060606,1.393939393939394
2,Uncertainty-aware GRU,freeze,0.8079916623268477,1.0,13.651515151515152,0.4277684455355989,0.10606060606060606,1.393939393939394
2,Uncertainty-aware GRU,drift,0.8932257783805843,1.0,8.045454545454545,0.23065751254290995,0.10606060606060606,1.393939393939394
2,Uncertainty-aware GRU,noise,0.9920404704944179,1.0,0.015151515151515152,0.020812246963562753,0.10606060606060606,1.393939393939394
3,Rule: stays still,jerk,0.6786960181525399,0.015151515151515152,7.0,0.5917874396135265,0.07575757575757576,0.4090909090909091
3,Rule: stays still,freeze,0.10067721237532558,0.3787878787878788,15.64,1.0,0.07575757575757576,0.4090909090909091
3,Rule: stays still,drift,0.5407307662365466,0.030303030303030304,18.0,0.801669877970456,0.07575757575757576,0.4090909090909091
3,Rule: stays still,noise,0.9161082171063687,0.10606060606060606,6.0,0.21207640172520026,0.07575757575757576,0.4090909090909091
3,Rule: keeps its speed,jerk,0.983596837944664,0.9848484848484849,0.16923076923076924,0.029166666666666667,0.13636363636363635,0.8484848484848485
3,Rule: keeps its speed,freeze,0.27759665840797915,0.9393939393939394,12.338709677419354,1.0,0.13636363636363635,0.8484848484848485
3,Rule: keeps its speed,drift,0.464839240186061,1.0,19.87878787878788,0.8787411689145793,0.13636363636363635,0.8484848484848485
3,Rule: keeps its speed,noise,0.988828021434306,1.0,0.09090909090909091,0.03321010474430068,0.13636363636363635,0.8484848484848485
3,Isolation Forest,jerk,0.6086666448815982,0.0,,0.6874550682961897,0.015151515151515152,0.07575757575757576
3,Isolation Forest,freeze,0.14637039053206718,0.0,,1.0,0.015151515151515152,0.07575757575757576
3,Isolation Forest,drift,0.5080730885469136,0.015151515151515152,21.0,0.8108521207489492,0.015151515151515152,0.07575757575757576
3,Isolation Forest,noise,0.82661210565501,0.3333333333333333,9.181818181818182,0.4152915291529153,0.015151515151515152,0.07575757575757576
3,LSTM autoencoder,jerk,0.9450587833765404,0.3333333333333333,5.0,0.10729690869877785,0.13636363636363635,0.5303030303030303
3,LSTM autoencoder,freeze,0.4278663632331297,0.7424242424242424,15.448979591836734,0.8731287425149701,0.13636363636363635,0.5303030303030303
3,LSTM autoencoder,drift,0.8203263046977224,0.9242424242424242,21.42622950819672,0.48452426442491403,0.13636363636363635,0.5303030303030303
3,LSTM autoencoder,noise,0.9677305693532317,1.0,2.8333333333333335,0.06698447622540032,0.13636363636363635,0.5303030303030303
3,GRU forecaster,jerk,0.9792215634606939,0.8939393939393939,1.2033898305084745,0.03798309178743961,0.015151515151515152,0.24242424242424243
3,GRU forecaster,freeze,0.8126523727844482,0.9696969696969697,13.65625,0.4740880503144654,0.015151515151515152,0.24242424242424243
3,GRU forecaster,drift,0.8160890698896479,1.0,19.96969696969697,0.34849068721901094,0.015151515151515152,0.24242424242424243
3,GRU forecaster,noise,0.9906482570623051,1.0,0.3484848484848485,0.0248305606900801,0.015151515151515152,0.24242424242424243
3,Transformer forecaster,jerk,0.9817204655248134,0.8939393939393939,1.4067796610169492,0.03182367149758454,0.015151515151515152,0.15151515151515152
3,Transformer forecaster,freeze,0.7683218982275586,0.9242424242424242,13.950819672131148,0.6220754716981132,0.015151515151515152,0.15151515151515152
3,Transformer forecaster,drift,0.8132667231077636,1.0,19.87878787878788,0.33481053307642905,0.015151515151515152,0.15151515151515152
3,Transformer forecaster,noise,0.9894690901622509,1.0,0.3787878787878788,0.029451632778804682,0.015151515151515152,0.15151515151515152
3,Uncertainty-aware GRU,jerk,0.9868048235983019,0.9848484848484849,0.4,0.027657004830917875,0.0,0.0
3,Uncertainty-aware GRU,freeze,0.769553776761324,0.9696969696969697,14.703125,0.65,0.0,0.0
3,Uncertainty-aware GRU,drift,0.8924538253439988,1.0,14.318181818181818,0.21862556197816313,0.0,0.0
3,Uncertainty-aware GRU,noise,0.9925820123602009,1.0,0.10606060606060606,0.015834873690696243,0.0,0.0
4,Rule: stays still,jerk,0.7043650134143735,0.030303030303030304,0.0,0.5207626012013581,0.09090909090909091,0.42424242424242425
4,Rule: stays still,freeze,0.0996202472321468,0.2878787878787879,15.578947368421053,1.0,0.09090909090909091,0.42424242424242425
4,Rule: stays still,drift,0.5472067632911553,0.06060606060606061,21.25,0.7888454558146029,0.09090909090909091,0.42424242424242425
4,Rule: stays still,noise,0.9093566116253958,0.10606060606060606,5.714285714285714,0.2131322567729881,0.09090909090909091,0.42424242424242425
4,Rule: keeps its speed,jerk,0.9842309883900378,1.0,0.16666666666666666,0.027487594672238182,0.12121212121212122,0.3787878787878788
4,Rule: keeps its speed,freeze,0.27000490715010367,0.9696969696969697,12.375,1.0,0.12121212121212122,0.3787878787878788
4,Rule: keeps its speed,drift,0.48880743424754314,1.0,19.742424242424242,0.8844757783051794,0.12121212121212122,0.3787878787878788
4,Rule: keeps its speed,noise,0.9884448717793173,1.0,0.13636363636363635,0.034899239290004005,0.12121212121212122,0.3787878787878788
4,Isolation Forest,jerk,0.5864676019647537,0.030303030303030304,0.5,0.7226178146038322,0.16666666666666666,1.0
4,Isolation Forest,freeze,0.14672256784780452,0.015151515151515152,0.0,1.0,0.16666666666666666,1.0
4,Isolation Forest,drift,0.5250914875690087,0.015151515151515152,2.0,0.78613916170978,0.16666666666666666,1.0
4,Isolation Forest,noise,0.8319837480506881,0.7727272727272727,8.588235294117647,0.4011774044185739,0.16666666666666666,1.0
4,LSTM autoencoder,jerk,0.9282664814901997,0.4090909090909091,5.444444444444445,0.13225012946659762,0.09090909090909091,1.0303030303030303
4,LSTM autoencoder,freeze,0.31815852602301076,0.8939393939393939,15.711864406779661,0.9988504192588585,0.09090909090909091,1.0303030303030303
4,LSTM autoencoder,drift,0.8043699199771962,0.9848484848484849,21.015384615384615,0.4730944805643934,0.09090909090909091,1.0303030303030303
4,LSTM autoencoder,noise,0.9615700930458173,1.0,2.5303030303030303,0.08301362614102395,0.09090909090909091,1.0303030303030303
4,GRU forecaster,jerk,0.9745364324889005,0.9696969696969697,0.328125,0.04949072864977801,0.10606060606060606,1.106060606060606
4,GRU forecaster,freeze,0.7969988504035993,0.9848484848484849,12.03076923076923,0.4497816593886463,0.10606060606060606,1.106060606060606
4,GRU forecaster,drift,0.8161077654952428,1.0,19.0,0.3240262459863186,0.10606060606060606,1.106060606060606
4,GRU forecaster,noise,0.9907325625128908,1.0,0.19696969696969696,0.02462298144935273,0.10606060606060606,1.106060606060606
4,Transformer forecaster,jerk,0.9755672420206241,1.0,0.13636363636363635,0.04034996082528075,0.12121212121212122,1.5151515151515151
4,Transformer forecaster,freeze,0.7334515322438357,0.9696969696969697,12.625,0.6990311135371179,0.12121212121212122,1.5151515151515151
4,Transformer forecaster,drift,0.8163298664432965,1.0,18.818181818181817,0.3310763646516823,0.12121212121212122,1.5151515151515151
4,Transformer forecaster,noise,0.9880770537350011,1.0,0.13636363636363635,0.03229681035633258,0.12121212121212122,1.5151515151515151
4,Uncertainty-aware GRU,jerk,0.9818907935452725,0.9848484848484849,0.09230769230769231,0.03258030817445808,0.06060606060606061,0.3484848484848485
4,Uncertainty-aware GRU,freeze,0.7649227675223854,1.0,12.727272727272727,0.6154475982532751,0.06060606060606061,0.3484848484848485
4,Uncertainty-aware GRU,drift,0.9036654059793806,1.0,8.893939393939394,0.17723021080552842,0.06060606060606061,0.3484848484848485
4,Uncertainty-aware GRU,noise,0.9908909932098241,1.0,0.015151515151515152,0.020752702522354196,0.06060606060606061,0.3484848484848485
