seed,method,hand error 1 step [mm],hand error 10 steps [mm]
0,Rule: stays still,7.102813720703125,68.38432312011719
0,Rule: keeps its speed,1.7072863578796387,61.680660247802734
0,GRU forecaster,1.0997494459152222,17.401958465576172
0,Transformer forecaster,0.9644666314125061,17.448760986328125
0,Uncertainty-aware GRU,1.2505841255187988,18.73079490661621
1,Rule: stays still,6.7724223136901855,65.25688171386719
1,Rule: keeps its speed,1.5902420282363892,58.281856536865234
1,GRU forecaster,0.9807136654853821,15.001154899597168
1,Transformer forecaster,0.8900373578071594,16.160356521606445
1,Uncertainty-aware GRU,1.055083990097046,16.672401428222656
2,Rule: stays still,6.623476505279541,64.29701232910156
2,Rule: keeps its speed,1.5839394330978394,57.25600051879883
2,GRU forecaster,0.9349098205566406,14.681377410888672
2,Transformer forecaster,0.8461158871650696,16.220443725585938
2,Uncertainty-aware GRU,1.1610448360443115,17.346630096435547
3,Rule: stays still,6.843545436859131,66.30879211425781
3,Rule: keeps its speed,1.6348168849945068,59.35111618041992
3,GRU forecaster,1.0505075454711914,16.48110580444336
3,Transformer forecaster,0.9333478212356567,17.57681655883789
3,Uncertainty-aware GRU,1.132478952407837,17.794160842895508
4,Rule: stays still,6.877360820770264,65.99752044677734
4,Rule: keeps its speed,1.6573693752288818,59.529178619384766
4,GRU forecaster,0.9682657122612,14.570748329162598
4,Transformer forecaster,0.8951721787452698,16.299392700195312
4,Uncertainty-aware GRU,1.1486369371414185,17.466354370117188
