predictor,score,anomaly,ROC-AUC,detection rate,mean delay [steps],false-alarm episodes,severity
GRU,multi-step,jerk,0.8069566548571928,0.030303030303030304,0.0,0.16666666666666666,0.25
GRU,multi-step,freeze,0.7993275922023694,0.9545454545454546,12.793650793650794,0.16666666666666666,0.25
GRU,multi-step,drift,0.5398468263890661,0.030303030303030304,16.5,0.16666666666666666,0.25
GRU,multi-step,noise,0.955684866367538,0.8484848484848485,4.553571428571429,0.16666666666666666,0.25
constant velocity,multi-step,jerk,0.7640727574922562,0.12121212121212122,3.75,0.2878787878787879,0.25
constant velocity,multi-step,freeze,0.2751177943195499,0.9393939393939394,12.451612903225806,0.2878787878787879,0.25
constant velocity,multi-step,drift,0.46510293079546516,0.7424242424242424,19.693877551020407,0.2878787878787879,0.25
constant velocity,multi-step,noise,0.9592783725126804,1.0,1.4545454545454546,0.2878787878787879,0.25
GRU,multi-step,jerk,0.9216936455487826,0.13636363636363635,4.555555555555555,0.16666666666666666,0.5
GRU,multi-step,freeze,0.7993275922023694,0.9545454545454546,12.793650793650794,0.16666666666666666,0.5
GRU,multi-step,drift,0.6622611712125465,0.9090909090909091,20.4,0.16666666666666666,0.5
GRU,multi-step,noise,0.9782933614579269,1.0,1.2575757575757576,0.16666666666666666,0.5
constant velocity,multi-step,jerk,0.9277272130834655,0.8787878787878788,1.4310344827586208,0.2878787878787879,0.5
constant velocity,multi-step,freeze,0.2751177943195499,0.9393939393939394,12.451612903225806,0.2878787878787879,0.5
constant velocity,multi-step,drift,0.46234531676574897,1.0,19.0,0.2878787878787879,0.5
constant velocity,multi-step,noise,0.9814226289179347,1.0,0.6212121212121212,0.2878787878787879,0.5
GRU,multi-step,jerk,0.9676362761587798,0.9393939393939394,0.3870967741935484,0.16666666666666666,1.0
GRU,multi-step,freeze,0.7993275922023694,0.9545454545454546,12.793650793650794,0.16666666666666666,1.0
GRU,multi-step,drift,0.7980680010886297,1.0,19.772727272727273,0.16666666666666666,1.0
GRU,multi-step,noise,0.9868439288268955,1.0,0.2878787878787879,0.16666666666666666,1.0
constant velocity,multi-step,jerk,0.9781475031114186,1.0,0.030303030303030304,0.2878787878787879,1.0
constant velocity,multi-step,freeze,0.2751177943195499,0.9393939393939394,12.451612903225806,0.2878787878787879,1.0
constant velocity,multi-step,drift,0.4751653143843714,1.0,18.984848484848484,0.2878787878787879,1.0
constant velocity,multi-step,noise,0.9876610458121993,1.0,0.045454545454545456,0.2878787878787879,1.0
GRU,multi-step,jerk,0.9797093756088638,1.0,0.0,0.16666666666666666,2.0
GRU,multi-step,freeze,0.7993275922023694,0.9545454545454546,12.793650793650794,0.16666666666666666,2.0
GRU,multi-step,drift,0.8811379476777316,1.0,15.833333333333334,0.16666666666666666,2.0
GRU,multi-step,noise,0.9912925526726493,1.0,0.0,0.16666666666666666,2.0
constant velocity,multi-step,jerk,0.9835373151539009,1.0,0.0,0.2878787878787879,2.0
constant velocity,multi-step,freeze,0.2751177943195499,0.9393939393939394,12.451612903225806,0.2878787878787879,2.0
constant velocity,multi-step,drift,0.5256612575374854,1.0,18.984848484848484,0.2878787878787879,2.0
constant velocity,multi-step,noise,0.988287549583821,1.0,0.0,0.2878787878787879,2.0
