predictor,score,anomaly,ROC-AUC,detection rate,mean delay [steps],false-alarm episodes
zero-change,1-step,jerk,0.7210375636697641,0.07575757575757576,2.8,0.30303030303030304
zero-change,1-step,freeze,0.04558047904639593,0.7878787878787878,15.038461538461538,0.30303030303030304
zero-change,1-step,drift,0.4737621620357377,1.0,19.696969696969695,0.30303030303030304
zero-change,1-step,noise,0.9845122699635843,1.0,1.0606060606060606,0.30303030303030304
zero-change,multi-step,jerk,0.6980053122750931,0.030303030303030304,1.0,0.24242424242424243
zero-change,multi-step,freeze,0.11143903719682076,0.5,15.090909090909092,0.24242424242424243
zero-change,multi-step,drift,0.5111386280713393,0.12121212121212122,19.0,0.24242424242424243
zero-change,multi-step,noise,0.9059628609051892,0.3484848484848485,7.173913043478261,0.24242424242424243
constant velocity,1-step,jerk,0.8908908001415546,1.0,0.0,0.3939393939393939
constant velocity,1-step,freeze,0.14333667216673662,1.0,7.7272727272727275,0.3939393939393939
constant velocity,1-step,drift,0.48957663570875753,1.0,18.515151515151516,0.3939393939393939
constant velocity,1-step,noise,0.9946847769540903,1.0,0.0,0.3939393939393939
constant velocity,multi-step,jerk,0.9768741078280508,1.0,0.10606060606060606,0.2878787878787879
constant velocity,multi-step,freeze,0.28074656869060927,0.9393939393939394,12.435483870967742,0.2878787878787879
constant velocity,multi-step,drift,0.4563923511001114,1.0,18.848484848484848,0.2878787878787879
constant velocity,multi-step,noise,0.9874874008323579,1.0,0.015151515151515152,0.2878787878787879
ridge,1-step,jerk,0.9847180637234436,1.0,0.0,0.4393939393939394
ridge,1-step,freeze,0.32007601733976715,1.0,5.7272727272727275,0.4393939393939394
ridge,1-step,drift,0.769442141028585,1.0,18.757575757575758,0.4393939393939394
ridge,1-step,noise,0.9944940621342178,1.0,0.0,0.4393939393939394
ridge,multi-step,jerk,0.9707936204983837,1.0,0.0,0.2727272727272727
ridge,multi-step,freeze,0.5182896029281985,0.9848484848484849,9.815384615384616,0.2727272727272727
ridge,multi-step,drift,0.6803124388708868,1.0,19.166666666666668,0.2727272727272727
ridge,multi-step,noise,0.9813985482507478,1.0,0.0,0.2727272727272727
MLP,1-step,jerk,0.966303038255538,1.0,0.0,0.09090909090909091
MLP,1-step,freeze,0.488506308455561,0.9848484848484849,9.723076923076922,0.09090909090909091
MLP,1-step,drift,0.8439654934129394,1.0,19.833333333333332,0.09090909090909091
MLP,1-step,noise,0.9917918454935623,1.0,0.0,0.09090909090909091
MLP,multi-step,jerk,0.9653151379958885,0.8484848484848485,1.0892857142857142,0.09090909090909091
MLP,multi-step,freeze,0.7015561595934658,0.9242424242424242,13.278688524590164,0.09090909090909091
MLP,multi-step,drift,0.7438760854404273,1.0,19.772727272727273,0.09090909090909091
MLP,multi-step,noise,0.9838016362660944,1.0,0.3333333333333333,0.09090909090909091
GRU,1-step,jerk,0.971169774109021,1.0,0.0,0.25757575757575757
GRU,1-step,freeze,0.5313093907113932,1.0,8.0,0.25757575757575757
GRU,1-step,drift,0.864548144226435,1.0,19.560606060606062,0.25757575757575757
GRU,1-step,noise,0.9935637558525166,1.0,0.0,0.25757575757575757
GRU,multi-step,jerk,0.9673511787604426,0.9393939393939394,0.5645161290322581,0.16666666666666666
GRU,multi-step,freeze,0.7900312270974732,0.9393939393939394,12.403225806451612,0.16666666666666666
GRU,multi-step,drift,0.7803657540887403,1.0,19.40909090909091,0.16666666666666666
GRU,multi-step,noise,0.9863149669983092,1.0,0.15151515151515152,0.16666666666666666
