method,failure,ROC-AUC,detection rate,delay [steps],false alarms,size
Command-aware GRU,jerk,0.8185432596533502,0.015151515151515152,0.0,0.06060606060606061,0.25
Command-aware GRU,drift,0.558160949234132,0.0,,0.06060606060606061,0.25
Command-aware GRU,noise,0.9515413659123423,0.803030303030303,5.867924528301887,0.06060606060606061,0.25
GRU forecaster,jerk,0.7861632331714998,0.030303030303030304,0.0,0.09090909090909091,0.25
GRU forecaster,drift,0.546544610432135,0.015151515151515152,16.0,0.09090909090909091,0.25
GRU forecaster,noise,0.9514971672194044,0.4696969696969697,5.419354838709677,0.09090909090909091,0.25
LSTM autoencoder,jerk,0.6979629125915063,0.0,,0.09090909090909091,0.25
LSTM autoencoder,drift,0.5385314490848417,0.0,,0.09090909090909091,0.25
LSTM autoencoder,noise,0.8644955604972887,0.015151515151515152,4.0,0.09090909090909091,0.25
Isolation Forest,jerk,0.49268146536261537,0.0,,0.13636363636363635,0.25
Isolation Forest,drift,0.4485576882563117,0.0,,0.13636363636363635,0.25
Isolation Forest,noise,0.6701584443209011,0.015151515151515152,12.0,0.13636363636363635,0.25
Rule: keeps its speed,jerk,0.7640727574922562,0.030303030303030304,4.0,0.06060606060606061,0.25
Rule: keeps its speed,drift,0.46510293079546516,0.3181818181818182,21.571428571428573,0.06060606060606061,0.25
Rule: keeps its speed,noise,0.9592783725126804,1.0,1.9090909090909092,0.06060606060606061,0.25
Command-aware GRU,jerk,0.925335098790026,0.15151515151515152,4.3,0.06060606060606061,0.5
Command-aware GRU,drift,0.692330475680181,0.5606060606060606,21.16216216216216,0.06060606060606061,0.5
Command-aware GRU,noise,0.974891484588373,1.0,1.7727272727272727,0.06060606060606061,0.5
GRU forecaster,jerk,0.9161366320334959,0.10606060606060606,4.142857142857143,0.09090909090909091,0.5
GRU forecaster,drift,0.6634976802830438,0.6666666666666666,21.068181818181817,0.09090909090909091,0.5
GRU forecaster,noise,0.9765690027962024,1.0,1.6666666666666667,0.09090909090909091,0.5
LSTM autoencoder,jerk,0.8553955714291346,0.0,,0.09090909090909091,0.5
LSTM autoencoder,drift,0.6822823444399501,0.015151515151515152,21.0,0.09090909090909091,0.5
LSTM autoencoder,noise,0.932607684126562,0.5,8.909090909090908,0.09090909090909091,0.5
Isolation Forest,jerk,0.5409971971569474,0.0,,0.13636363636363635,0.5
Isolation Forest,drift,0.46727519213267266,0.0,,0.13636363636363635,0.5
Isolation Forest,noise,0.7660603643453949,0.030303030303030304,10.0,0.13636363636363635,0.5
Rule: keeps its speed,jerk,0.9277272130834655,0.42424242424242425,4.892857142857143,0.06060606060606061,0.5
Rule: keeps its speed,drift,0.46234531676574897,1.0,20.242424242424242,0.06060606060606061,0.5
Rule: keeps its speed,noise,0.9814226289179347,1.0,1.0151515151515151,0.06060606060606061,0.5
Command-aware GRU,jerk,0.9677694806614896,0.7878787878787878,1.4807692307692308,0.06060606060606061,1.0
Command-aware GRU,drift,0.8221519148827596,0.9696969696969697,19.890625,0.06060606060606061,1.0
Command-aware GRU,noise,0.9855456049226168,1.0,0.5454545454545454,0.06060606060606061,1.0
GRU forecaster,jerk,0.9673143984126795,0.8787878787878788,1.206896551724138,0.09090909090909091,1.0
GRU forecaster,drift,0.7982814745830463,0.9848484848484849,19.784615384615385,0.09090909090909091,1.0
GRU forecaster,noise,0.9857083780400572,1.0,0.42424242424242425,0.09090909090909091,1.0
LSTM autoencoder,jerk,0.9330654666871656,0.12121212121212122,4.875,0.09090909090909091,1.0
LSTM autoencoder,drift,0.8012227390703476,0.9696969696969697,21.6875,0.09090909090909091,1.0
LSTM autoencoder,noise,0.9611162811309049,1.0,2.803030303030303,0.09090909090909091,1.0
Isolation Forest,jerk,0.6049171958954709,0.0,,0.13636363636363635,1.0
Isolation Forest,drift,0.5154948575016011,0.015151515151515152,22.0,0.13636363636363635,1.0
Isolation Forest,noise,0.8448668753474656,0.8181818181818182,8.25925925925926,0.13636363636363635,1.0
Rule: keeps its speed,jerk,0.9781475031114186,1.0,0.22727272727272727,0.06060606060606061,1.0
Rule: keeps its speed,drift,0.4751653143843714,1.0,20.0,0.06060606060606061,1.0
Rule: keeps its speed,noise,0.9876610458121993,1.0,0.21212121212121213,0.06060606060606061,1.0
Command-aware GRU,jerk,0.9800091851463063,1.0,0.06060606060606061,0.06060606060606061,2.0
Command-aware GRU,drift,0.8937069969977632,1.0,17.318181818181817,0.06060606060606061,2.0
Command-aware GRU,noise,0.9909774718754064,1.0,0.0,0.06060606060606061,2.0
GRU forecaster,jerk,0.9790809286938403,1.0,0.015151515151515152,0.09090909090909091,2.0
GRU forecaster,drift,0.8810371112188401,1.0,17.075757575757574,0.09090909090909091,2.0
GRU forecaster,noise,0.9905433086227078,1.0,0.0,0.09090909090909091,2.0
LSTM autoencoder,jerk,0.9569568456780633,1.0,1.621212121212121,0.09090909090909091,2.0
LSTM autoencoder,drift,0.8646284170964371,1.0,16.181818181818183,0.09090909090909091,2.0
LSTM autoencoder,noise,0.9686688743322617,1.0,1.0151515151515151,0.09090909090909091,2.0
Isolation Forest,jerk,0.6628477437310533,0.0,,0.13636363636363635,2.0
Isolation Forest,drift,0.5974897402838171,0.015151515151515152,18.0,0.13636363636363635,2.0
Isolation Forest,noise,0.8880451685157881,1.0,5.7727272727272725,0.13636363636363635,2.0
Rule: keeps its speed,jerk,0.9835373151539009,1.0,0.0,0.06060606060606061,2.0
Rule: keeps its speed,drift,0.5256612575374854,1.0,20.0,0.06060606060606061,2.0
Rule: keeps its speed,noise,0.988287549583821,1.0,0.0,0.06060606060606061,2.0
