method,failure,ROC-AUC,detection rate,delay [steps],false alarms
Rule: stays still,jerk,0.6980053122750931,0.015151515151515152,0.0,0.13636363636363635
Rule: stays still,freeze,0.11143903719682076,0.3484848484848485,15.478260869565217,0.13636363636363635
Rule: stays still,drift,0.5111386280713393,0.030303030303030304,22.0,0.13636363636363635
Rule: stays still,noise,0.9059628609051892,0.030303030303030304,9.0,0.13636363636363635
Rule: keeps its speed,jerk,0.9768741078280508,0.9848484848484849,0.35384615384615387,0.06060606060606061
Rule: keeps its speed,freeze,0.28074656869060927,0.9242424242424242,12.98360655737705,0.06060606060606061
Rule: keeps its speed,drift,0.4563923511001114,1.0,19.696969696969695,0.06060606060606061
Rule: keeps its speed,noise,0.9874874008323579,1.0,0.13636363636363635,0.06060606060606061
Isolation Forest,jerk,0.6001549250801235,0.015151515151515152,5.0,0.13636363636363635
Isolation Forest,freeze,0.1589951437715472,0.0,,0.13636363636363635
Isolation Forest,drift,0.5122463511645936,0.0,,0.13636363636363635
Isolation Forest,noise,0.8281749292983007,0.8333333333333334,8.8,0.13636363636363635
LSTM autoencoder,jerk,0.9303976410389836,0.12121212121212122,5.0,0.09090909090909091
LSTM autoencoder,freeze,0.3172948734318858,0.8181818181818182,15.537037037037036,0.09090909090909091
LSTM autoencoder,drift,0.7943588414736913,0.9242424242424242,21.737704918032787,0.09090909090909091
LSTM autoencoder,noise,0.9584963903861803,1.0,3.0,0.09090909090909091
GRU forecaster,jerk,0.9669734346482804,0.8333333333333334,1.309090909090909,0.09090909090909091
GRU forecaster,freeze,0.7600277220151037,0.9393939393939394,12.870967741935484,0.09090909090909091
GRU forecaster,drift,0.7788714927835753,1.0,19.681818181818183,0.09090909090909091
GRU forecaster,noise,0.9853088624983743,1.0,0.3181818181818182,0.09090909090909091
Transformer forecaster,jerk,0.9747816042593631,0.9393939393939394,1.1451612903225807,0.07575757575757576
Transformer forecaster,freeze,0.7437901854922839,0.9393939393939394,13.080645161290322,0.07575757575757576
Transformer forecaster,drift,0.7871311522465746,1.0,20.0,0.07575757575757576
Transformer forecaster,noise,0.9860100468201326,1.0,0.22727272727272727,0.07575757575757576
Command-aware GRU,jerk,0.9664769993598231,0.6666666666666666,1.4545454545454546,0.06060606060606061
Command-aware GRU,freeze,0.7963751491045415,0.9393939393939394,13.32258064516129,0.06060606060606061
Command-aware GRU,drift,0.8035934882079283,1.0,19.984848484848484,0.06060606060606061
Command-aware GRU,noise,0.9848189174470022,1.0,0.48484848484848486,0.06060606060606061
